cameo_root,cameo_label,commodity,lag_days,pearson_r,pearson_p,spearman_r,spearman_p
01,Make Public Statement,CL=F,0,,,,
01,Make Public Statement,CL=F,1,,,,
01,Make Public Statement,CL=F,5,,,,
01,Make Public Statement,CL=F,10,,,,
01,Make Public Statement,CL=F,20,,,,
01,Make Public Statement,GC=F,0,,,,
01,Make Public Statement,GC=F,1,,,,
01,Make Public Statement,GC=F,5,,,,
01,Make Public Statement,GC=F,10,,,,
01,Make Public Statement,GC=F,20,,,,
01,Make Public Statement,ZW=F,0,,,,
01,Make Public Statement,ZW=F,1,,,,
01,Make Public Statement,ZW=F,5,,,,
01,Make Public Statement,ZW=F,10,,,,
01,Make Public Statement,ZW=F,20,,,,
02,Appeal,CL=F,0,-0.01769928232351768,0.43792292612445455,-0.011725383435692831,0.6073462906431175
02,Appeal,CL=F,1,0.017189907940034804,0.45122293651924367,0.008630774659125604,0.7052538823701413
02,Appeal,CL=F,5,-0.028602415505539984,0.20994570780948446,-0.008394673271026219,0.7129548593211619
02,Appeal,CL=F,10,-0.025102690364669104,0.2712182525106883,-0.019118896775576745,0.4020679088744207
02,Appeal,CL=F,20,-0.017056662143405458,0.4559160659402645,-0.024515459086447856,0.283848590886884
02,Appeal,GC=F,0,0.03899664093143034,0.08116047225095731,0.018203892815656566,0.4157223292828405
02,Appeal,GC=F,1,-0.03799762024571459,0.0892661467082523,-0.026626283022309877,0.2338389173040981
02,Appeal,GC=F,5,-0.011091322074167569,0.6200015018881128,0.0063970205231039644,0.7748941415674877
02,Appeal,GC=F,10,0.020758125633469557,0.3533642996581353,-0.0015956711959688253,0.9431320422520375
02,Appeal,GC=F,20,-0.04086924236300447,0.06826893370544747,-0.012578564246258373,0.5748431538497691
02,Appeal,ZW=F,0,-0.014411219763776649,0.5219120599780741,-0.009939999508680842,0.6587075845361805
02,Appeal,ZW=F,1,0.04709864326313873,0.036259389427407446,0.040885355379267935,0.06913830871175937
02,Appeal,ZW=F,5,-0.04124052820377858,0.06675542500289326,-0.025491424559025866,0.25725440941741823
02,Appeal,ZW=F,10,0.024022714175138918,0.2856957037478971,0.008222380619874755,0.7148348500638879
02,Appeal,ZW=F,20,0.001581506811030628,0.9441167203695352,-0.02774451075208479,0.21871663142541498
03,Agree,CL=F,0,0.04871405361323709,0.03267215729828424,0.02223028953915026,0.32989285124531365
03,Agree,CL=F,1,-0.05885348356510313,0.009839937365773347,-0.019341572324080108,0.3966079139421369
03,Agree,CL=F,5,0.035997905617223415,0.11455043869078464,0.019400954157858936,0.3951594608878801
03,Agree,CL=F,10,0.008451806619275519,0.7110886081634195,0.0070947917838949945,0.7558594672753328
03,Agree,CL=F,20,0.018882510453456153,0.40913642669892136,-0.006676617577919414,0.7704140708605336
03,Agree,GC=F,0,-0.0032627093177195945,0.8840331253772197,-0.04648603122757528,0.03759319675027174
03,Agree,GC=F,1,-0.03302425297575466,0.13974578659149717,-0.001780478892090098,0.9365588662570461
03,Agree,GC=F,5,-0.025213364502793968,0.2596020350883782,-0.030435328550922583,0.17354085737350713
03,Agree,GC=F,10,0.014831639537746143,0.5072800980696606,0.03450458613144898,0.12283740224130761
03,Agree,GC=F,20,0.043922722964870986,0.050045586770538136,0.025428795080070163,0.2567444284019079
03,Agree,ZW=F,0,-0.0038456812361893095,0.864314339236171,-0.02989586566229672,0.1839370151338847
03,Agree,ZW=F,1,-0.0045617221943424525,0.8393673632812496,-0.0008221264036021833,0.9708585794819309
03,Agree,ZW=F,5,-0.02650949315584543,0.23873060632693768,-0.02250578416164107,0.3172238885902782
03,Agree,ZW=F,10,-0.010137619739929132,0.652364209245065,0.006486734880770042,0.7731604695031141
03,Agree,ZW=F,20,-0.0005041021374653015,0.9821742209857123,0.024475718301629725,0.27792520411591237
04,Consult,CL=F,0,-0.02642433452439054,0.24677862268145986,-0.04316662244320821,0.058411737051211575
04,Consult,CL=F,1,0.014923571305535089,0.5130862272743737,0.0275235027378878,0.22766135164159887
04,Consult,CL=F,5,0.015344727755720607,0.5012658042455166,0.022289301807962826,0.3286103394142139
04,Consult,CL=F,10,0.03659491125050941,0.10865789831636324,0.03769953314662563,0.09838920913225722
04,Consult,CL=F,20,-0.024511456765073016,0.28392723263479813,-0.00909248283470189,0.6910474625783136
04,Consult,GC=F,0,-0.02292577919906238,0.3053527159261649,-0.025083939308474107,0.2620565449913036
04,Consult,GC=F,1,0.004652095601013975,0.8352515047846113,-0.0012900547732964391,0.9540103837677709
04,Consult,GC=F,5,0.008874805628955625,0.691550107081939,0.006398124366786931,0.7748563451349012
04,Consult,GC=F,10,0.0070254641706392635,0.7534645725230258,0.0066680830438931695,0.7656289712052162
04,Consult,GC=F,20,-0.005723307813716659,0.7985537471012976,-0.0008059851094166652,0.9713294210635708
04,Consult,ZW=F,0,0.023461359748390823,0.2971071012404781,0.009087314581064945,0.6863551532268175
04,Consult,ZW=F,1,0.026127077445684984,0.24557522810167642,0.02753112586497825,0.22110804702830994
04,Consult,ZW=F,5,-0.019439327424376613,0.38765662542072804,0.0007890520717418317,0.9720304554203112
04,Consult,ZW=F,10,0.0016160885512232423,0.9427519188229283,-0.010015617393602086,0.6562774088844509
04,Consult,ZW=F,20,-0.025902084719441568,0.2508684763420727,-0.0053148851070514615,0.8137650964431171
05,Support Diplomatically,CL=F,0,-0.008472625848027847,0.7104089807802189,-0.000837565839413231,0.9707201567451141
05,Support Diplomatically,CL=F,1,-0.022059909770963636,0.33361385743335126,-0.008629703089474592,0.7052887666544729
05,Support Diplomatically,CL=F,5,0.0015606911359655994,0.945471197235991,0.011060441560768646,0.6278734155989206
05,Support Diplomatically,CL=F,10,0.03667926624590188,0.10784497662004361,0.021000272705753928,0.3573600260049441
05,Support Diplomatically,CL=F,20,0.046751035516753275,0.040844361453129106,0.055174317015314146,0.015774174926838896
05,Support Diplomatically,GC=F,0,-0.01304973667519584,0.5596187251415605,-0.006259477406498852,0.7796078643823745
05,Support Diplomatically,GC=F,1,0.00966675187011274,0.6656264062857277,0.008856655341980603,0.6921486419252096
05,Support Diplomatically,GC=F,5,0.0015925779283687894,0.9432420967120989,0.008502749128121783,0.7038572640459124
05,Support Diplomatically,GC=F,10,0.003617823048439892,0.8715154761589116,0.022481155284925402,0.3148305118593874
05,Support Diplomatically,GC=F,20,-0.010036370555752842,0.6543901764216007,0.021373910670366255,0.340353603273455
05,Support Diplomatically,ZW=F,0,0.01608345216819139,0.47478207439790787,0.015107127172757553,0.5020111260639629
05,Support Diplomatically,ZW=F,1,0.027007540062518844,0.23001960860130827,0.026222119983016445,0.2438614143086155
05,Support Diplomatically,ZW=F,5,0.02576486198371039,0.25218403095134617,0.025149989057074135,0.2636843434996817
05,Support Diplomatically,ZW=F,10,0.007919858421209833,0.7248928777670269,-0.001156778542174828,0.9590052922111321
05,Support Diplomatically,ZW=F,20,-0.017213364205215034,0.4453482125088892,-0.005286495168834717,0.8146954906581083
06,Cooperate Economically/Militarily,CL=F,0,-0.004423484365200427,0.8462905464028568,-0.04653453885616706,0.04130928739074166
06,Cooperate Economically/Militarily,CL=F,1,-0.05308811732030923,0.019904168339437433,-0.03530994969997558,0.12164911523237948
06,Cooperate Economically/Militarily,CL=F,5,-0.008851874431274127,0.6980694564995731,-0.012571653458192573,0.581664003717989
06,Cooperate Economically/Militarily,CL=F,10,0.03170627408269852,0.16458061380830558,0.02304760018089242,0.3124181989450498
06,Cooperate Economically/Militarily,CL=F,20,0.013203121167327336,0.5638557542963137,0.0002642957921072405,0.9907829023909869
06,Cooperate Economically/Militarily,GC=F,0,0.01751529015840988,0.4335837330933522,0.021960662284477385,0.326168463970848
06,Cooperate Economically/Militarily,GC=F,1,-0.04834856296735059,0.030566778724159964,-0.05095843214168082,0.022633993940545688
06,Cooperate Economically/Militarily,GC=F,5,0.007132252055820514,0.7498414479908707,0.027000790074618333,0.22732461765871428
06,Cooperate Economically/Militarily,GC=F,10,-0.012561642531544893,0.5743986717622355,0.013398064459303088,0.5491850107027276
06,Cooperate Economically/Militarily,GC=F,20,0.001048204386953945,0.9627187180101768,-0.019993279985763873,0.37258513198131626
06,Cooperate Economically/Militarily,ZW=F,0,0.021803634198562277,0.3325615377837566,0.03457261190561,0.12436547326880393
06,Cooperate Economically/Militarily,ZW=F,1,-0.008820840992339663,0.6950842555113104,-0.022531210903537983,0.3166773082166482
06,Cooperate Economically/Militarily,ZW=F,5,-0.011289086903991424,0.6159134050668333,0.017205589674574803,0.44451397393568526
06,Cooperate Economically/Militarily,ZW=F,10,0.01424760948667472,0.5266490106789019,-0.0035882889668205384,0.8733164135594161
06,Cooperate Economically/Militarily,ZW=F,20,-0.0038118047266107475,0.8658359550243906,-0.019929618438183194,0.3770083848643361
07,Provide Aid,CL=F,0,-0.014931152912360694,0.5128721624813555,-0.014083482984738186,0.5370907653635129
07,Provide Aid,CL=F,1,0.004909892994385483,0.8296347456369629,0.029243444590750553,0.19990420846265233
07,Provide Aid,CL=F,5,4.4448438320333905e-05,0.9984458123380013,0.004645504188815186,0.8386790666476605
07,Provide Aid,CL=F,10,-0.043316531699359354,0.05754161911602807,-0.004884065968333752,0.8305172740858129
07,Provide Aid,CL=F,20,0.013823614220203152,0.5455730565784875,0.020014160240751196,0.3815081533107507
07,Provide Aid,GC=F,0,0.012269246035142664,0.5833402435296071,0.024086594074623498,0.28150820477345884
07,Provide Aid,GC=F,1,0.008224813081721283,0.713102095486141,0.00581259220757226,0.7949781489349073
07,Provide Aid,GC=F,5,-0.007455996130402339,0.7388913420130483,0.0034834633146027375,0.8762480090624829
07,Provide Aid,GC=F,10,-0.010405305834327064,0.6418043587604966,-0.01699447030368225,0.4473827308629038
07,Provide Aid,GC=F,20,0.012188900790014143,0.5866536880079337,0.005188317899478064,0.8169882846267708
07,Provide Aid,ZW=F,0,-0.0010952734302266138,0.9611831849784579,0.015359977508603205,0.4948810017476636
07,Provide Aid,ZW=F,1,-0.009486391111433859,0.6733603961790726,-0.024050264222660857,0.2851433822428042
07,Provide Aid,ZW=F,5,0.014069194298035641,0.5318394920535847,0.0045303790275443775,0.8404561859995507
07,Provide Aid,ZW=F,10,-0.00367860130916952,0.8701558880291923,-0.014903340525308659,0.5077969911807282
07,Provide Aid,ZW=F,20,-0.03188015833456408,0.15744030762089947,-0.027699685030914578,0.2193447233797468
08,Yield / Concede,CL=F,0,0.04151743924710044,0.06872478711371485,0.04120521460394595,0.07083647018348614
08,Yield / Concede,CL=F,1,0.004702130468677646,0.83674013590569,0.02079975418011327,0.3619704444791273
08,Yield / Concede,CL=F,5,0.019952609035188154,0.3818566798079231,0.018535539320098153,0.41658383771687624
08,Yield / Concede,CL=F,10,0.0042881460676248515,0.8509757806746762,0.033207550846288736,0.14558792226512945
08,Yield / Concede,CL=F,20,0.0075678052831699115,0.7408700600954773,0.0296568299103398,0.19489828263620843
08,Yield / Concede,GC=F,0,-0.010264757307916355,0.6463104164187355,0.005229551559845533,0.8151507003088782
08,Yield / Concede,GC=F,1,-0.03797480707584317,0.08945858861671063,-0.01950081927798619,0.383285322313908
08,Yield / Concede,GC=F,5,0.05193208526029041,0.0201700182114738,0.072702350150862,0.0011361784796849372
08,Yield / Concede,GC=F,10,-0.020946656153921647,0.3491290353122986,-0.0012280825574811705,0.9562283242636553
08,Yield / Concede,GC=F,20,0.02558844897553348,0.25388850233842636,0.0030095691950627985,0.8932672997128602
08,Yield / Concede,ZW=F,0,-0.0021914839971159394,0.9224250487635127,0.014452272484568459,0.5207269202547924
08,Yield / Concede,ZW=F,1,0.009293833718530865,0.6796185965682908,0.006610098760904174,0.7689678652694728
08,Yield / Concede,ZW=F,5,0.04176019422397008,0.06339107642292242,0.021459888297338997,0.3402418988864996
08,Yield / Concede,ZW=F,10,0.017840287510850834,0.42800993459641473,-6.521329534310738e-05,0.9976884985339736
08,Yield / Concede,ZW=F,20,0.010377700735908876,0.6456146899821023,0.017205338469961577,0.4457920424511269
09,Investigate,CL=F,0,,,,
09,Investigate,CL=F,1,,,,
09,Investigate,CL=F,5,,,,
09,Investigate,CL=F,10,,,,
09,Investigate,CL=F,20,,,,
09,Investigate,GC=F,0,,,,
09,Investigate,GC=F,1,,,,
09,Investigate,GC=F,5,,,,
09,Investigate,GC=F,10,,,,
09,Investigate,GC=F,20,,,,
09,Investigate,ZW=F,0,,,,
09,Investigate,ZW=F,1,,,,
09,Investigate,ZW=F,5,,,,
09,Investigate,ZW=F,10,,,,
09,Investigate,ZW=F,20,,,,
10,Demand,CL=F,0,,,,
10,Demand,CL=F,1,,,,
10,Demand,CL=F,5,,,,
10,Demand,CL=F,10,,,,
10,Demand,CL=F,20,,,,
10,Demand,GC=F,0,,,,
10,Demand,GC=F,1,,,,
10,Demand,GC=F,5,,,,
10,Demand,GC=F,10,,,,
10,Demand,GC=F,20,,,,
10,Demand,ZW=F,0,,,,
10,Demand,ZW=F,1,,,,
10,Demand,ZW=F,5,,,,
10,Demand,ZW=F,10,,,,
10,Demand,ZW=F,20,,,,
11,Disapprove,CL=F,0,,,,
11,Disapprove,CL=F,1,,,,
11,Disapprove,CL=F,5,,,,
11,Disapprove,CL=F,10,,,,
11,Disapprove,CL=F,20,,,,
11,Disapprove,GC=F,0,,,,
11,Disapprove,GC=F,1,,,,
11,Disapprove,GC=F,5,,,,
11,Disapprove,GC=F,10,,,,
11,Disapprove,GC=F,20,,,,
11,Disapprove,ZW=F,0,,,,
11,Disapprove,ZW=F,1,,,,
11,Disapprove,ZW=F,5,,,,
11,Disapprove,ZW=F,10,,,,
11,Disapprove,ZW=F,20,,,,
12,Reject,CL=F,0,-0.04529234864776735,0.04704566945961075,-0.038348128099960244,0.09273029578317268
12,Reject,CL=F,1,-0.056644633793457896,0.012978398497851287,-0.04993900001300366,0.028533762637566896
12,Reject,CL=F,5,-0.021312929040882004,0.35024536714245075,-0.007457389016151952,0.7438089411298611
12,Reject,CL=F,10,0.016697164635686913,0.4643032373805958,0.0018190780769385881,0.9364611827889099
12,Reject,CL=F,20,0.026566084517013113,0.24536020250772606,0.03546369489035362,0.12090513269745563
12,Reject,GC=F,0,-0.029924643653735962,0.18087411811944015,-0.019109008689627092,0.3929175515372324
12,Reject,GC=F,1,-0.012004568622824945,0.5914896307136763,-0.022581763072977157,0.3126691785821222
12,Reject,GC=F,5,-0.008303610094752617,0.7104767643346566,-0.047513031963356364,0.03356569751385399
12,Reject,GC=F,10,-0.008002778819250742,0.7205179522744274,-0.020838593947596105,0.35150094855515446
12,Reject,GC=F,20,-0.002550864523182768,0.9094134083857414,-0.027373402474247174,0.22201525447715095
12,Reject,ZW=F,0,-0.020929442260914345,0.3523147014267571,-0.021849860255117155,0.3315373039424879
12,Reject,ZW=F,1,-0.006737101235971534,0.7646586435020168,-0.015040134471033978,0.5039093139444522
12,Reject,ZW=F,5,0.007158099859026896,0.7504267376677783,0.007880434191514666,0.7262071688764568
12,Reject,ZW=F,10,0.010961795665393572,0.6261833364867364,0.01874291133049022,0.40488932467162064
12,Reject,ZW=F,20,-0.004100361896337629,0.8557506350026188,-0.012691154356448065,0.5736583928968205
13,Threaten,CL=F,0,0.014890776530636595,0.5140127149795988,-0.0170200968319418,0.4557070321812232
13,Threaten,CL=F,1,0.019755662385974992,0.3865740865047614,0.024056526038859872,0.2917025678638698
13,Threaten,CL=F,5,0.02660806180832326,0.2435072583804416,-0.009231034227398781,0.6858120355657018
13,Threaten,CL=F,10,0.014512087763598906,0.5247737376623606,0.002677034114923803,0.9066086617519047
13,Threaten,CL=F,20,-0.0022813313132964584,0.9205702340520429,0.007957643450707343,0.7279691550739943
13,Threaten,GC=F,0,-0.005106093891573377,0.819438440852784,-0.02644318725743641,0.23707141874922208
13,Threaten,GC=F,1,0.010325995485272951,0.64434548244685,0.029083815745380482,0.19344505539456952
13,Threaten,GC=F,5,-0.013750156062193684,0.538736940519513,0.009120189409211547,0.6834772140884857
13,Threaten,GC=F,10,0.01540920195541165,0.49088437336088525,0.025530590857991555,0.2536533582624755
13,Threaten,GC=F,20,0.01746759410049199,0.4359886203064385,0.0048620195493147755,0.8283553436193285
13,Threaten,ZW=F,0,0.020827644155800608,0.3546622168611965,0.015675436518054496,0.4860617588160727
13,Threaten,ZW=F,1,-0.017672720452131647,0.4322455768680877,-0.007746858771568455,0.7306661616394059
13,Threaten,ZW=F,5,0.01782158360690384,0.4283775016391378,0.031169114460512338,0.16594638954991298
13,Threaten,ZW=F,10,-0.03343253133550526,0.13727871822501456,0.012152301539074551,0.589188981302843
13,Threaten,ZW=F,20,-0.06188381495717226,0.006042094272929106,0.0020702511965961963,0.9268893752404181
14,Protest,CL=F,0,0.021202538290345914,0.3527470468408701,0.008384874685501236,0.7132751013866991
14,Protest,CL=F,1,0.014792565742940245,0.5167924680200763,-0.010923873150441323,0.632125916740218
14,Protest,CL=F,5,-0.031629229441955446,0.16560931314656885,-0.03264539190952847,0.15242532182547194
14,Protest,CL=F,10,-0.05006395044764791,0.028138161831962157,-0.034276360729013876,0.13295462270499195
14,Protest,CL=F,20,-0.0008304315604931358,0.9710375208055194,-0.0019964920075591247,0.930442492445627
14,Protest,GC=F,0,-0.015276666038486694,0.4946214445189826,-0.030267531872248798,0.17592546120711824
14,Protest,GC=F,1,-0.022812756509745954,0.307743837641845,-0.02622165911295359,0.2410244556616341
14,Protest,GC=F,5,-0.005295756715935086,0.8128536332744514,-0.033712202185088455,0.13167779263433
14,Protest,GC=F,10,-0.006030671326431711,0.7874671386504637,-0.015034719172436239,0.5014825470954314
14,Protest,GC=F,20,0.021401450757671758,0.339731641694664,0.01916928819268647,0.3924947397630315
14,Protest,ZW=F,0,0.011049675748769628,0.6234185509017782,-0.0013410662424716102,0.9524815692747255
14,Protest,ZW=F,1,-0.007545824508883905,0.7373941898210057,-0.03454274745631408,0.12469121267131981
14,Protest,ZW=F,5,-0.0008144166324170268,0.9711317433539745,0.0008069337897263302,0.9713968701893209
14,Protest,ZW=F,10,-0.01222915893858348,0.5868356744258377,-0.017498667280818787,0.43679372269366257
14,Protest,ZW=F,20,0.002385407643764219,0.9157769642681001,0.006223640299629582,0.7826085168354256
15,Exhibit Military Posture,CL=F,0,-0.00367597017782166,0.8720190022726638,-0.009969023394167751,0.6621922443203767
15,Exhibit Military Posture,CL=F,1,-0.0033774224517129922,0.8823341422839711,-0.007761596785459178,0.7337469276977223
15,Exhibit Military Posture,CL=F,5,0.05305469805314413,0.019982206345280463,0.029242468622892072,0.19991922550203103
15,Exhibit Military Posture,CL=F,10,0.045192322260067336,0.04753538857762644,0.027580964723864114,0.2266917888682673
15,Exhibit Military Posture,CL=F,20,0.009046427612748804,0.6924560007450808,0.009764568416878165,0.669434688112327
15,Exhibit Military Posture,GC=F,0,0.009050328535518582,0.6857719398904953,0.022226526817936552,0.32034437548348804
15,Exhibit Military Posture,GC=F,1,0.02890407904861791,0.19621349338093522,0.041635606574444525,0.06258758328992355
15,Exhibit Military Posture,GC=F,5,0.01712214684819874,0.4439770758803236,0.01592081196616783,0.47660199392731195
15,Exhibit Military Posture,GC=F,10,0.02673214715891502,0.23198422185371145,0.020146982558310697,0.3677191594157436
15,Exhibit Military Posture,GC=F,20,0.02600975428924408,0.24591427703800142,0.03819242097762781,0.08835319688232092
15,Exhibit Military Posture,ZW=F,0,-0.009038485966966605,0.6879515902809248,-0.013137923371281956,0.5593458762828676
15,Exhibit Military Posture,ZW=F,1,-0.029903518096365597,0.18382474020961878,-0.022473362855208477,0.31792172214841696
15,Exhibit Military Posture,ZW=F,5,-0.018389604778732464,0.4138041031643441,-0.02921309477531153,0.1941598474058998
15,Exhibit Military Posture,ZW=F,10,-0.008973358648310005,0.6900830722383914,-0.014731778892927948,0.5126949082682538
15,Exhibit Military Posture,ZW=F,20,-0.03383153463445205,0.1335327246014989,-0.027728774232534142,0.21886086910494537
16,Reduce Relations,CL=F,0,-0.015556631540724656,0.49537335557616585,-0.012436485493662459,0.5857318339156599
16,Reduce Relations,CL=F,1,0.005892118524155018,0.796240550848798,-0.002620488987575459,0.9085725587715767
16,Reduce Relations,CL=F,5,0.012028592151275407,0.5980865086744607,0.011482673753493646,0.6148042184898828
16,Reduce Relations,CL=F,10,-0.06042907268527806,0.008034023250878151,-0.05014847416090878,0.02787324062706173
16,Reduce Relations,CL=F,20,-0.007122393235167879,0.7555584745529557,0.004230553062664521,0.8532955464275809
16,Reduce Relations,GC=F,0,-0.004530126620589383,0.8395114152190204,-0.018003562411353098,0.420873321537341
16,Reduce Relations,GC=F,1,-0.05067720363943552,0.02339266442744917,-0.06602100825187593,0.0031300791788961392
16,Reduce Relations,GC=F,5,0.03536241323822789,0.11379651627914483,0.02269552861781978,0.3102369729801225
16,Reduce Relations,GC=F,10,-0.020684625854350193,0.35507172807789117,-0.018101830709808118,0.41834193642349815
16,Reduce Relations,GC=F,20,0.03158615690752423,0.15887644846539842,0.02954206777869791,0.18762244227721675
16,Reduce Relations,ZW=F,0,-0.010714430355092262,0.633993807454715,0.011592001625239975,0.606474813195204
16,Reduce Relations,ZW=F,1,0.015932407102079223,0.47894092675216,-0.003955497522490045,0.860478887605027
16,Reduce Relations,ZW=F,5,0.013959197286638587,0.5350523981972246,-0.0032423312226160894,0.8854416472629338
16,Reduce Relations,ZW=F,10,-0.03389283099171826,0.13194592157517154,-0.04118217644558872,0.06714220737185847
16,Reduce Relations,ZW=F,20,-0.005277998963028954,0.8150341254693428,-0.02523076353821457,0.26336497605854126
17,Coerce,CL=F,0,-0.026412283413084284,0.24699426932812693,-0.028036092721106628,0.21911622013262105
17,Coerce,CL=F,1,0.014576523131463272,0.5229346028798423,-0.0026154483914375363,0.9087476535183064
17,Coerce,CL=F,5,-0.030676002711153113,0.17873940028780416,-0.0023989457591285187,0.916272356512558
17,Coerce,CL=F,10,-0.028581304696926726,0.2102824971207319,-0.020751108292979728,0.3630945230468595
17,Coerce,CL=F,20,0.018708500556821415,0.4134677284736255,0.024779218360908267,0.2786984472846972
17,Coerce,GC=F,0,-0.002052383031264313,0.926895851020733,-0.012242434481651195,0.5841633833094884
17,Coerce,GC=F,1,0.010200636191204128,0.6483704997855267,0.018667249549051863,0.403951753946839
17,Coerce,GC=F,5,0.013616155860113619,0.5427015383811458,0.01804008136467733,0.41993154827482015
17,Coerce,GC=F,10,0.015581512720663713,0.4860485419034328,0.017559317001424105,0.43242863414314225
17,Coerce,GC=F,20,-0.003784328076746898,0.8659904281774434,0.028668213535955694,0.201019276750795
17,Coerce,ZW=F,0,-0.0028329632852676827,0.8998237803493282,0.0033964493007075628,0.8800365842994672
17,Coerce,ZW=F,1,0.010606526928406544,0.6374136911873346,0.008016586761535875,0.721671668054954
17,Coerce,ZW=F,5,0.013061242893867168,0.5616411186220778,0.008443232830550007,0.7075231322092654
17,Coerce,ZW=F,10,0.03757083569637849,0.094906950942983,0.032631896767648175,0.1469481490360085
17,Coerce,ZW=F,20,0.03927222369508575,0.08162715324467389,-0.0028931757575109958,0.8979641304371635
18,Assault,CL=F,0,0.010965665677912722,0.6308232704444575,0.004988976016400055,0.826933760749741
18,Assault,CL=F,1,-0.005220847639933421,0.8190263642985512,-0.00759804730498201,0.7391509569358383
18,Assault,CL=F,5,-0.021593208533008446,0.34394433131564295,-0.03720402334003034,0.10289548266436851
18,Assault,CL=F,10,-0.039593595754223394,0.08259726131158392,-0.049231801189351394,0.030864176498685107
18,Assault,CL=F,20,-0.009818624763547227,0.6677139788468404,-0.014528520812729585,0.5252779633700524
18,Assault,GC=F,0,-0.004143762926309427,0.8530360876376699,-0.0070360321916120225,0.7531057747933275
18,Assault,GC=F,1,0.023232119998912486,0.29893381102472116,0.011137056359461816,0.6185595033122491
18,Assault,GC=F,5,-0.004956697583108116,0.8246342531954542,0.00482168132259983,0.829336566807282
18,Assault,GC=F,10,-0.01212000075171241,0.5879290616522417,-0.014438546471847901,0.5186013416869524
18,Assault,GC=F,20,0.014490713233106366,0.5180365354463895,0.011578099068351735,0.6055438767983983
18,Assault,ZW=F,0,0.033802186686378355,0.132983196664131,0.04608817882064912,0.040458884476211966
18,Assault,ZW=F,1,0.015404870439997283,0.49362074350208834,0.024251264476453482,0.2811355840412739
18,Assault,ZW=F,5,0.04372494189945217,0.051912019080072,0.023240077053601055,0.3016879677856668
18,Assault,ZW=F,10,-0.01384303239473584,0.538456046681278,-0.013649629620366806,0.5441467473120268
18,Assault,ZW=F,20,-0.035896553663606695,0.11139606489376337,-0.03696246539005661,0.10116065737241871
19,Fight,CL=F,0,0.03490201560388426,0.12601797366321493,0.020662677640346468,0.3651435071654273
19,Fight,CL=F,1,0.0005762178285001977,0.9798540478148791,0.01890387577815527,0.40738273817136017
19,Fight,CL=F,5,-0.008792761936306851,0.6999876463177209,-0.00793218887218208,0.728124209591567
19,Fight,CL=F,10,-0.0038401057467613124,0.8663570799360735,0.008910872840833264,0.6961568884483536
19,Fight,CL=F,20,0.011377421550297672,0.6189670363387074,-0.002549235316037982,0.911279027601399
19,Fight,GC=F,0,-0.041260606009584866,0.06499040025266588,-0.02750665752070518,0.2187321364039261
19,Fight,GC=F,1,-0.03249533921085915,0.14620308903774107,-0.017748409767799067,0.4274878395697719
19,Fight,GC=F,5,-0.0075530604336995,0.7356184715892667,-0.007158404566632169,0.7489549760547474
19,Fight,GC=F,10,-0.04609080593888988,0.03924907111578765,-0.043272110214849654,0.052945114760203034
19,Fight,GC=F,20,0.03226267042383895,0.15013607690309264,0.035959929204943474,0.10869960387461519
19,Fight,ZW=F,0,0.004510398883634598,0.8411504307632313,-0.010264024688553152,0.6483198591721605
19,Fight,ZW=F,1,0.003008221608873672,0.8936622053934933,0.009237568098769777,0.6814514504768052
19,Fight,ZW=F,5,0.00305524869099787,0.892009944279587,0.005362094230868205,0.8116730601703641
19,Fight,ZW=F,10,-0.02258951350025846,0.31542635155191034,-0.009448023189980068,0.674605586343915
19,Fight,ZW=F,20,-0.028107747993822672,0.21274349559028066,0.0019959260209123134,0.929507195997715
20,Use Unconventional Mass Violence,CL=F,0,0.028590573703161773,0.2101345768179859,-0.0018615828992615217,0.9349797769236479
20,Use Unconventional Mass Violence,CL=F,1,0.03563870744605063,0.11821508296731775,0.0013944607347407664,0.9512714504960725
20,Use Unconventional Mass Violence,CL=F,5,0.034036049717904665,0.1356961436199574,0.020506796551899215,0.3687728821971009
20,Use Unconventional Mass Violence,CL=F,10,-0.021551236502559572,0.3448832838492473,-0.023613884622455252,0.3006746882823069
20,Use Unconventional Mass Violence,CL=F,20,-0.017301511139266833,0.44935493336344906,0.005585753493715566,0.807064320492257
20,Use Unconventional Mass Violence,GC=F,0,0.023274654091121477,0.29804974147425367,-0.023544917600090098,0.29247312933463815
20,Use Unconventional Mass Violence,GC=F,1,0.014653885330283506,0.5123833762520056,0.006619241084156454,0.7672960052981789
20,Use Unconventional Mass Violence,GC=F,5,0.02065315230187046,0.35580445934768823,0.0011958861613060715,0.957364113227601
20,Use Unconventional Mass Violence,GC=F,10,0.03475185715806145,0.12017564082144218,0.024448727987385045,0.2743351167788545
20,Use Unconventional Mass Violence,GC=F,20,0.016653404672707244,0.457568354769964,0.02461949747903902,0.2720779198271461
20,Use Unconventional Mass Violence,ZW=F,0,-0.012939313979565688,0.5653001054374991,0.013071368058446307,0.5613377860259312
20,Use Unconventional Mass Violence,ZW=F,1,-0.03713606119993364,0.09879512024162872,0.014328577320466726,0.5243020383860733
20,Use Unconventional Mass Violence,ZW=F,5,0.0021353607831391505,0.9244056900407075,-0.00619865229254176,0.7829767480927472
20,Use Unconventional Mass Violence,ZW=F,10,0.0018048148775980126,0.9360800665892357,0.006401267253627463,0.7760690359705626
20,Use Unconventional Mass Violence,ZW=F,20,0.017958784205510964,0.42588776292161284,-0.007665518503576035,0.7339711577759502
