cameo_root,cameo_label,commodity,lag,direction,f_stat,p_value_raw,sparse_skipped,q_value_fdr,significant
02,Appeal,ZW=F,1,cameo→vol,4.367024145410074,0.03676870348842913,False,0.5760563433222977,False
03,Agree,CL=F,1,cameo→vol,6.58339230056905,0.0103687841589509,False,0.5760563433222977,False
03,Agree,CL=F,20,cameo→vol,1.6640907067290989,0.03250891050642065,False,0.5760563433222977,False
06,Cooperate Economically/Militarily,CL=F,1,cameo→vol,5.450975146327849,0.01966005854747019,False,0.5760563433222977,False
06,Cooperate Economically/Militarily,CL=F,10,cameo→vol,2.1479534502080817,0.018448477908733572,False,0.5760563433222977,False
06,Cooperate Economically/Militarily,CL=F,20,cameo→vol,1.6688412378543014,0.03174390260515314,False,0.5760563433222977,False
06,Cooperate Economically/Militarily,GC=F,1,cameo→vol,4.567037144510225,0.03271406306275523,False,0.5760563433222977,False
12,Reject,CL=F,1,cameo→vol,6.32442383507337,0.011989774766509708,False,0.5760563433222977,False
13,Threaten,CL=F,20,cameo→vol,1.7377480141880712,0.022337566727194634,False,0.5760563433222977,False
15,Exhibit Military Posture,CL=F,20,cameo→vol,1.8581467969446404,0.011785243702344047,False,0.5760563433222977,False
16,Reduce Relations,GC=F,1,cameo→vol,5.119083799800332,0.023771128977988273,False,0.5760563433222977,False
16,Reduce Relations,ZW=F,20,cameo→vol,1.6608411280669269,0.03301054134422071,False,0.5760563433222977,False
19,Fight,CL=F,20,cameo→vol,1.6273818889564922,0.03900381491244724,False,0.5760563433222977,False
04,Consult,ZW=F,5,cameo→vol,2.2578478652568794,0.046363236846650946,False,0.6347756058579923,False
12,Reject,CL=F,10,cameo→vol,1.7967935431332027,0.05631250384908775,False,0.6347756058579923,False
12,Reject,CL=F,20,cameo→vol,1.5696098966636531,0.05159311800253557,False,0.6347756058579923,False
16,Reduce Relations,GC=F,5,cameo→vol,2.1836675781765895,0.05346822626150749,False,0.6347756058579923,False
16,Reduce Relations,GC=F,20,cameo→vol,1.539189355317043,0.05951021304918678,False,0.6347756058579923,False
02,Appeal,GC=F,1,cameo→vol,2.639209474036794,0.10441321520799786,False,0.7584005089383271,False
03,Agree,CL=F,5,cameo→vol,1.8520825721858865,0.0996723648644981,False,0.7584005089383271,False
04,Consult,GC=F,20,cameo→vol,1.401264820567555,0.11050216198979897,False,0.7584005089383271,False
05,Support Diplomatically,CL=F,10,cameo→vol,1.6738342669384159,0.0812732825582075,False,0.7584005089383271,False
05,Support Diplomatically,CL=F,20,cameo→vol,1.4208330599289263,0.10163625389424218,False,0.7584005089383271,False
05,Support Diplomatically,GC=F,5,cameo→vol,1.8442955185123284,0.10108439356508955,False,0.7584005089383271,False
08,Yield / Concede,GC=F,1,cameo→vol,2.9388900740823773,0.08662529596758764,False,0.7584005089383271,False
14,Protest,CL=F,10,cameo→vol,1.5540631064112025,0.11455007687089316,False,0.7584005089383271,False
16,Reduce Relations,GC=F,10,cameo→vol,1.5702013514812907,0.10943061826891919,False,0.7584005089383271,False
20,Use Unconventional Mass Violence,CL=F,1,cameo→vol,2.5097619534849898,0.11330779134215202,False,0.7584005089383271,False
20,Use Unconventional Mass Violence,ZW=F,1,cameo→vol,2.735559064979583,0.09829622441711303,False,0.7584005089383271,False
02,Appeal,ZW=F,5,cameo→vol,1.6646345706913825,0.13986289405535987,False,0.7590954196233967,False
03,Agree,GC=F,1,cameo→vol,2.277599891999665,0.13141304375297044,False,0.7590954196233967,False
03,Agree,GC=F,20,cameo→vol,1.3218264981768622,0.1536381029237543,False,0.7590954196233967,False
03,Agree,ZW=F,5,cameo→vol,1.5511439011728732,0.17078054896718878,False,0.7590954196233967,False
03,Agree,ZW=F,20,cameo→vol,1.3237298465463037,0.1524893469074041,False,0.7590954196233967,False
04,Consult,ZW=F,10,cameo→vol,1.360322823295491,0.19283909305885216,False,0.7590954196233967,False
06,Cooperate Economically/Militarily,CL=F,5,cameo→vol,1.517451803902246,0.18106784905096981,False,0.7590954196233967,False
06,Cooperate Economically/Militarily,GC=F,5,cameo→vol,1.7311177823489707,0.1241661076763169,False,0.7590954196233967,False
06,Cooperate Economically/Militarily,GC=F,20,cameo→vol,1.284976215791916,0.17772007126943795,False,0.7590954196233967,False
08,Yield / Concede,GC=F,5,cameo→vol,1.5779855973390229,0.162960760472295,False,0.7590954196233967,False
12,Reject,CL=F,5,cameo→vol,1.548827244979231,0.17148586736920177,False,0.7590954196233967,False
13,Threaten,ZW=F,5,cameo→vol,1.6419978134043143,0.14559812115723403,False,0.7590954196233967,False
14,Protest,CL=F,5,cameo→vol,1.6518210141260552,0.14309987141977148,False,0.7590954196233967,False
14,Protest,GC=F,20,cameo→vol,1.3584513543737284,0.1323234138187326,False,0.7590954196233967,False
15,Exhibit Military Posture,CL=F,5,cameo→vol,1.5323873235261816,0.17644964670537025,False,0.7590954196233967,False
15,Exhibit Military Posture,CL=F,10,cameo→vol,1.4057167396689882,0.171411127113221,False,0.7590954196233967,False
15,Exhibit Military Posture,GC=F,1,cameo→vol,1.6979853345838236,0.19270188607435665,False,0.7590954196233967,False
15,Exhibit Military Posture,ZW=F,1,cameo→vol,1.7685662898075647,0.1837133287381528,False,0.7590954196233967,False
16,Reduce Relations,ZW=F,10,cameo→vol,1.3585326542735858,0.19372747688305436,False,0.7590954196233967,False
19,Fight,GC=F,1,cameo→vol,2.1738078196853423,0.14053588253906793,False,0.7590954196233967,False
14,Protest,CL=F,20,cameo→vol,1.2551010984389683,0.19935051586260988,False,0.765505980912422,False
03,Agree,CL=F,10,cameo→vol,1.3169284861376958,0.21533080950114566,False,0.7872031279387309,False
03,Agree,GC=F,5,cameo→vol,1.4050562655333885,0.21929211688286768,False,0.7872031279387309,False
08,Yield / Concede,CL=F,5,cameo→vol,1.399429196532037,0.22139770926305463,False,0.7872031279387309,False
13,Threaten,ZW=F,10,cameo→vol,1.3057668425030131,0.2214008797327681,False,0.7872031279387309,False
03,Agree,GC=F,10,cameo→vol,1.2732775642931713,0.2398956017375014,False,0.8374537369745503,False
04,Consult,ZW=F,1,cameo→vol,1.3118177259907378,0.2522047176211281,False,0.8410485102844554,False
05,Support Diplomatically,ZW=F,1,cameo→vol,1.346591196148327,0.24601532511344376,False,0.8410485102844554,False
06,Cooperate Economically/Militarily,GC=F,10,cameo→vol,1.2496607396285941,0.25406673748176256,False,0.8410485102844554,False
08,Yield / Concede,CL=F,20,cameo→vol,1.1817828684753828,0.26029259324907733,False,0.8470538627766585,False
13,Threaten,ZW=F,20,cameo→vol,1.1492748607077274,0.29096838092855004,False,0.88513366439341,False
14,Protest,GC=F,1,cameo→vol,1.097034608476412,0.29504455479780334,False,0.88513366439341,False
18,Assault,GC=F,1,cameo→vol,1.1239110491184325,0.28920606156384027,False,0.88513366439341,False
18,Assault,ZW=F,5,cameo→vol,1.2315875355601857,0.2916157794528227,False,0.88513366439341,False
19,Fight,GC=F,10,cameo→vol,1.1875485831169281,0.2942717920520247,False,0.88513366439341,False
08,Yield / Concede,GC=F,10,cameo→vol,1.1785346704886628,0.3004618338717433,False,0.887518032359611,False
15,Exhibit Military Posture,ZW=F,5,cameo→vol,1.1685200196521734,0.3222649431434236,False,0.8967372330947438,False
17,Coerce,CL=F,20,cameo→vol,1.1241854357425092,0.3162434779436137,False,0.8967372330947438,False
17,Coerce,ZW=F,20,cameo→vol,1.118878316564288,0.3217090377490471,False,0.8967372330947438,False
20,Use Unconventional Mass Violence,ZW=F,5,cameo→vol,1.1707015165167545,0.3211643459981011,False,0.8967372330947438,False
19,Fight,GC=F,20,cameo→vol,1.1138205557832315,0.32699205067992154,False,0.8968924818649276,False
20,Use Unconventional Mass Violence,GC=F,5,cameo→vol,1.1495735787373702,0.33194175861203995,False,0.8976453190635446,False
02,Appeal,ZW=F,10,cameo→vol,1.0979550817206,0.3597680850755949,False,0.9171294740048892,False
05,Support Diplomatically,CL=F,1,cameo→vol,0.8725132595675141,0.35037798693028854,False,0.9171294740048892,False
05,Support Diplomatically,GC=F,10,cameo→vol,1.0983469590591193,0.359454791984572,False,0.9171294740048892,False
13,Threaten,CL=F,1,cameo→vol,0.8015928367137863,0.3707298491241201,False,0.9171294740048892,False
14,Protest,GC=F,10,cameo→vol,1.1076473174802293,0.3522559196219413,False,0.9171294740048892,False
14,Protest,ZW=F,5,cameo→vol,1.0725308607448318,0.37360621550784917,False,0.9171294740048892,False
18,Assault,ZW=F,10,cameo→vol,1.0757142134518578,0.37736056482492836,False,0.9171294740048892,False
20,Use Unconventional Mass Violence,CL=F,10,cameo→vol,1.0809689964857618,0.3731753445141359,False,0.9171294740048892,False
02,Appeal,CL=F,1,cameo→vol,0.5584617625646097,0.4549722420487432,False,0.9310196249413181,False
02,Appeal,CL=F,10,cameo→vol,0.9302105608616494,0.5039901119837802,False,0.9310196249413181,False
03,Agree,ZW=F,10,cameo→vol,0.9642921708397119,0.47272745966343876,False,0.9310196249413181,False
04,Consult,CL=F,1,cameo→vol,0.37347281696359014,0.5411897238786771,False,0.9310196249413181,False
04,Consult,CL=F,20,cameo→vol,1.0418426642302263,0.40772946790031983,False,0.9310196249413181,False
04,Consult,ZW=F,20,cameo→vol,0.9466219249064667,0.5265202150122479,False,0.9310196249413181,False
05,Support Diplomatically,ZW=F,5,cameo→vol,0.9861366513863645,0.4246981285608076,False,0.9310196249413181,False
05,Support Diplomatically,ZW=F,10,cameo→vol,0.9868360846000881,0.4525372907973384,False,0.9310196249413181,False
07,Provide Aid,ZW=F,5,cameo→vol,0.8090206839031743,0.5430947812157689,False,0.9310196249413181,False
12,Reject,GC=F,20,cameo→vol,0.9844452830908239,0.4780761044354659,False,0.9310196249413181,False
13,Threaten,CL=F,10,cameo→vol,1.0069211791237023,0.4349205323726188,False,0.9310196249413181,False
13,Threaten,ZW=F,1,cameo→vol,0.628114651833901,0.4281430000091174,False,0.9310196249413181,False
14,Protest,CL=F,1,cameo→vol,0.6478018577723282,0.42099937525339726,False,0.9310196249413181,False
14,Protest,GC=F,5,cameo→vol,0.9202673952231161,0.4666842164869065,False,0.9310196249413181,False
14,Protest,ZW=F,10,cameo→vol,1.0216107824569278,0.4222400316329617,False,0.9310196249413181,False
14,Protest,ZW=F,20,cameo→vol,1.0166807655895564,0.4379982237721352,False,0.9310196249413181,False
15,Exhibit Military Posture,GC=F,20,cameo→vol,0.939886964235527,0.5352576222222748,False,0.9310196249413181,False
15,Exhibit Military Posture,ZW=F,10,cameo→vol,0.9160497224835082,0.5171988573490972,False,0.9310196249413181,False
15,Exhibit Military Posture,ZW=F,20,cameo→vol,0.9432990778280205,0.5308291469131875,False,0.9310196249413181,False
16,Reduce Relations,CL=F,10,cameo→vol,1.0102233453127576,0.43205613072990234,False,0.9310196249413181,False
16,Reduce Relations,CL=F,20,cameo→vol,0.9954867725353251,0.46422650517201625,False,0.9310196249413181,False
16,Reduce Relations,ZW=F,1,cameo→vol,0.48759742092753605,0.48508329183127963,False,0.9310196249413181,False
17,Coerce,CL=F,10,cameo→vol,0.9383607296165554,0.4964422578737615,False,0.9310196249413181,False
17,Coerce,GC=F,20,cameo→vol,0.9407791724124578,0.5340981104993607,False,0.9310196249413181,False
18,Assault,ZW=F,1,cameo→vol,0.5661314546398635,0.451890037050371,False,0.9310196249413181,False
19,Fight,CL=F,5,cameo→vol,1.0409440039642668,0.391761890316817,False,0.9310196249413181,False
19,Fight,CL=F,10,cameo→vol,1.01711545700145,0.4261094434139895,False,0.9310196249413181,False
20,Use Unconventional Mass Violence,CL=F,5,cameo→vol,0.8281244180739333,0.5295275670712308,False,0.9310196249413181,False
20,Use Unconventional Mass Violence,CL=F,20,cameo→vol,0.9598448523180916,0.5094594594915779,False,0.9310196249413181,False
20,Use Unconventional Mass Violence,GC=F,1,cameo→vol,0.4617826593638916,0.4968707782545182,False,0.9310196249413181,False
20,Use Unconventional Mass Violence,GC=F,10,cameo→vol,0.9367955988815897,0.4978759012022136,False,0.9310196249413181,False
20,Use Unconventional Mass Violence,GC=F,20,cameo→vol,0.9412182291431455,0.5335276796973463,False,0.9310196249413181,False
20,Use Unconventional Mass Violence,ZW=F,10,cameo→vol,0.9662911383193727,0.4709208357494796,False,0.9310196249413181,False
12,Reject,GC=F,1,cameo→vol,0.3588615582091591,0.5492071258546992,False,0.9331660899478075,False
13,Threaten,CL=F,5,cameo→vol,0.7782715420488787,0.5652941026700241,False,0.9520742781810931,False
02,Appeal,CL=F,5,cameo→vol,0.6077653316902661,0.6940046055878504,False,0.9544039226850053,False
02,Appeal,GC=F,5,cameo→vol,0.7470906185469497,0.5881995290273182,False,0.9544039226850053,False
02,Appeal,ZW=F,20,cameo→vol,0.8402749055459603,0.6652300139156317,False,0.9544039226850053,False
04,Consult,CL=F,5,cameo→vol,0.5732726680485529,0.7205641467978614,False,0.9544039226850053,False
04,Consult,CL=F,10,cameo→vol,0.6832424069781399,0.7409691150872599,False,0.9544039226850053,False
05,Support Diplomatically,GC=F,1,cameo→vol,0.15298208268863753,0.6957434328961545,False,0.9544039226850053,False
05,Support Diplomatically,GC=F,20,cameo→vol,0.7429648443742923,0.7837270888373257,False,0.9544039226850053,False
06,Cooperate Economically/Militarily,ZW=F,1,cameo→vol,0.17579580016338506,0.675057084188166,False,0.9544039226850053,False
06,Cooperate Economically/Militarily,ZW=F,5,cameo→vol,0.4897566845879634,0.7841364020015739,False,0.9544039226850053,False
06,Cooperate Economically/Militarily,ZW=F,10,cameo→vol,0.677565573768276,0.7462441969871507,False,0.9544039226850053,False
07,Provide Aid,GC=F,1,cameo→vol,0.13835631797214193,0.709960017605711,False,0.9544039226850053,False
07,Provide Aid,GC=F,5,cameo→vol,0.6680288113099303,0.6477452160132353,False,0.9544039226850053,False
07,Provide Aid,GC=F,10,cameo→vol,0.6315056632363938,0.7878983873009336,False,0.9544039226850053,False
07,Provide Aid,GC=F,20,cameo→vol,0.75687662496276,0.7678411782456237,False,0.9544039226850053,False
07,Provide Aid,ZW=F,1,cameo→vol,0.17008069104262777,0.6800849105395623,False,0.9544039226850053,False
07,Provide Aid,ZW=F,10,cameo→vol,0.6679182537280736,0.7551375901107908,False,0.9544039226850053,False
07,Provide Aid,ZW=F,20,cameo→vol,0.7376290040214954,0.7896928856172138,False,0.9544039226850053,False
08,Yield / Concede,CL=F,10,cameo→vol,0.8422043466419572,0.5877759763506588,False,0.9544039226850053,False
08,Yield / Concede,GC=F,20,cameo→vol,0.8068672332303257,0.7075870124360315,False,0.9544039226850053,False
08,Yield / Concede,ZW=F,1,cameo→vol,0.1312348369760189,0.7171939352085566,False,0.9544039226850053,False
08,Yield / Concede,ZW=F,5,cameo→vol,0.7184466883290231,0.6095612416054665,False,0.9544039226850053,False
08,Yield / Concede,ZW=F,20,cameo→vol,0.825570059668918,0.6840286358826826,False,0.9544039226850053,False
12,Reject,GC=F,5,cameo→vol,0.7310747379165281,0.6001089377401427,False,0.9544039226850053,False
12,Reject,GC=F,10,cameo→vol,0.6339114891038201,0.785777836083535,False,0.9544039226850053,False
12,Reject,ZW=F,1,cameo→vol,0.11914084632356378,0.7300049784724792,False,0.9544039226850053,False
12,Reject,ZW=F,20,cameo→vol,0.8750075777864644,0.620150683359006,False,0.9544039226850053,False
13,Threaten,GC=F,1,cameo→vol,0.2251734930497097,0.6351778207654986,False,0.9544039226850053,False
14,Protest,ZW=F,1,cameo→vol,0.10444388962424773,0.7465948410129546,False,0.9544039226850053,False
15,Exhibit Military Posture,GC=F,5,cameo→vol,0.6033070381423672,0.6974384478284336,False,0.9544039226850053,False
15,Exhibit Military Posture,GC=F,10,cameo→vol,0.7991660646070741,0.6296501709100644,False,0.9544039226850053,False
17,Coerce,CL=F,1,cameo→vol,0.2887503682753027,0.5910847400178441,False,0.9544039226850053,False
17,Coerce,CL=F,5,cameo→vol,0.7066816082721975,0.6184132691675537,False,0.9544039226850053,False
17,Coerce,GC=F,1,cameo→vol,0.22321797262138215,0.6366504738742821,False,0.9544039226850053,False
17,Coerce,ZW=F,1,cameo→vol,0.1856153947002698,0.6666382815015444,False,0.9544039226850053,False
17,Coerce,ZW=F,10,cameo→vol,0.6332526479774461,0.7863563195652268,False,0.9544039226850053,False
18,Assault,CL=F,1,cameo→vol,0.07068833585460355,0.79036574847352,False,0.9544039226850053,False
18,Assault,CL=F,10,cameo→vol,0.6835756078784204,0.7406590221917831,False,0.9544039226850053,False
18,Assault,CL=F,20,cameo→vol,0.7905287014408734,0.7277389833675568,False,0.9544039226850053,False
18,Assault,GC=F,5,cameo→vol,0.6469738439193606,0.663856371033368,False,0.9544039226850053,False
18,Assault,GC=F,10,cameo→vol,0.6338500965705394,0.785832031969351,False,0.9544039226850053,False
18,Assault,GC=F,20,cameo→vol,0.8478243297826186,0.6555043833524259,False,0.9544039226850053,False
18,Assault,ZW=F,20,cameo→vol,0.8577199626375746,0.6426820063611853,False,0.9544039226850053,False
19,Fight,GC=F,5,cameo→vol,0.738655726012821,0.594460500733297,False,0.9544039226850053,False
19,Fight,ZW=F,1,cameo→vol,0.08334066195113393,0.772850604603565,False,0.9544039226850053,False
20,Use Unconventional Mass Violence,ZW=F,20,cameo→vol,0.7885281552113975,0.7301957302666673,False,0.9544039226850053,False
03,Agree,ZW=F,1,cameo→vol,0.04359581650474912,0.8346289596407811,False,0.9592284358296204,False
04,Consult,GC=F,1,cameo→vol,0.03857106122417579,0.8443208627875304,False,0.9592284358296204,False
07,Provide Aid,CL=F,1,cameo→vol,0.05141182569350529,0.8206487029034846,False,0.9592284358296204,False
08,Yield / Concede,CL=F,1,cameo→vol,0.0645612178164669,0.7994540260281071,False,0.9592284358296204,False
08,Yield / Concede,ZW=F,10,cameo→vol,0.5684606973271275,0.8407613338055088,False,0.9592284358296204,False
16,Reduce Relations,CL=F,1,cameo→vol,0.05759947024928157,0.8103567451329502,False,0.9592284358296204,False
16,Reduce Relations,CL=F,5,cameo→vol,0.4217591651114699,0.8338256986565393,False,0.9592284358296204,False
16,Reduce Relations,ZW=F,5,cameo→vol,0.4094331216848579,0.8425115310575806,False,0.9592284358296204,False
17,Coerce,GC=F,5,cameo→vol,0.46091112919138444,0.8055382981091924,False,0.9592284358296204,False
18,Assault,CL=F,5,cameo→vol,0.4147714755174147,0.8387631757436584,False,0.9592284358296204,False
02,Appeal,CL=F,20,cameo→vol,0.6718610098424647,0.8570861854456506,False,0.9680032212092055,False
07,Provide Aid,CL=F,10,cameo→vol,0.5196846564972054,0.8773749746868067,False,0.9720906413081164,False
12,Reject,ZW=F,5,cameo→vol,0.3545145455108109,0.8795612775018489,False,0.9720906413081164,False
13,Threaten,GC=F,20,cameo→vol,0.6581394893798981,0.8695678989583403,False,0.9720906413081164,False
15,Exhibit Military Posture,CL=F,1,cameo→vol,0.022432827568580897,0.8809571436854805,False,0.9720906413081164,False
02,Appeal,GC=F,10,cameo→vol,0.49259647163513764,0.8958178885817221,False,0.9772558784527876,False
12,Reject,ZW=F,10,cameo→vol,0.49917457773894347,0.891472122037039,False,0.9772558784527876,False
04,Consult,GC=F,10,cameo→vol,0.4677507401724877,0.911417510898876,False,0.9886562830089503,False
04,Consult,GC=F,5,cameo→vol,0.1314404875543037,0.9852149105454798,False,0.9910434500810774,False
05,Support Diplomatically,CL=F,5,cameo→vol,0.25081484868647175,0.9395284609402964,False,0.9910434500810774,False
05,Support Diplomatically,ZW=F,20,cameo→vol,0.5481809420028472,0.9466454454452112,False,0.9910434500810774,False
06,Cooperate Economically/Militarily,ZW=F,20,cameo→vol,0.555443721039769,0.9428150292956221,False,0.9910434500810774,False
07,Provide Aid,CL=F,5,cameo→vol,0.1651779041208744,0.975321640083133,False,0.9910434500810774,False
07,Provide Aid,CL=F,20,cameo→vol,0.5868514379032781,0.9241969164839294,False,0.9910434500810774,False
13,Threaten,GC=F,5,cameo→vol,0.20955178471245195,0.9585789447573521,False,0.9910434500810774,False
13,Threaten,GC=F,10,cameo→vol,0.33397739472159765,0.9721403194351268,False,0.9910434500810774,False
17,Coerce,GC=F,10,cameo→vol,0.41984588401282685,0.9377497158889962,False,0.9910434500810774,False
17,Coerce,ZW=F,5,cameo→vol,0.14178642996301427,0.9824518076825424,False,0.9910434500810774,False
19,Fight,CL=F,1,cameo→vol,0.0011930154441620775,0.9724500937876512,False,0.9910434500810774,False
19,Fight,ZW=F,5,cameo→vol,0.12879656648580476,0.9858817654452385,False,0.9910434500810774,False
19,Fight,ZW=F,10,cameo→vol,0.3712918706921048,0.9592118743137005,False,0.9910434500810774,False
19,Fight,ZW=F,20,cameo→vol,0.4561007834762896,0.9811902752340539,False,0.9910434500810774,False
02,Appeal,GC=F,20,cameo→vol,0.39310298596652304,0.99261684001921,False,0.99261684001921,False
01,Make Public Statement,CL=F,1,cameo→vol,,,True,,False
01,Make Public Statement,CL=F,5,cameo→vol,,,True,,False
01,Make Public Statement,CL=F,10,cameo→vol,,,True,,False
01,Make Public Statement,CL=F,20,cameo→vol,,,True,,False
01,Make Public Statement,GC=F,1,cameo→vol,,,True,,False
01,Make Public Statement,GC=F,5,cameo→vol,,,True,,False
01,Make Public Statement,GC=F,10,cameo→vol,,,True,,False
01,Make Public Statement,GC=F,20,cameo→vol,,,True,,False
01,Make Public Statement,ZW=F,1,cameo→vol,,,True,,False
01,Make Public Statement,ZW=F,5,cameo→vol,,,True,,False
01,Make Public Statement,ZW=F,10,cameo→vol,,,True,,False
01,Make Public Statement,ZW=F,20,cameo→vol,,,True,,False
09,Investigate,CL=F,1,cameo→vol,,,True,,False
09,Investigate,CL=F,5,cameo→vol,,,True,,False
09,Investigate,CL=F,10,cameo→vol,,,True,,False
09,Investigate,CL=F,20,cameo→vol,,,True,,False
09,Investigate,GC=F,1,cameo→vol,,,True,,False
09,Investigate,GC=F,5,cameo→vol,,,True,,False
09,Investigate,GC=F,10,cameo→vol,,,True,,False
09,Investigate,GC=F,20,cameo→vol,,,True,,False
09,Investigate,ZW=F,1,cameo→vol,,,True,,False
09,Investigate,ZW=F,5,cameo→vol,,,True,,False
09,Investigate,ZW=F,10,cameo→vol,,,True,,False
09,Investigate,ZW=F,20,cameo→vol,,,True,,False
10,Demand,CL=F,1,cameo→vol,,,False,,False
10,Demand,CL=F,5,cameo→vol,,,False,,False
10,Demand,CL=F,10,cameo→vol,,,False,,False
10,Demand,CL=F,20,cameo→vol,,,False,,False
10,Demand,GC=F,1,cameo→vol,,,False,,False
10,Demand,GC=F,5,cameo→vol,,,False,,False
10,Demand,GC=F,10,cameo→vol,,,False,,False
10,Demand,GC=F,20,cameo→vol,,,False,,False
10,Demand,ZW=F,1,cameo→vol,,,False,,False
10,Demand,ZW=F,5,cameo→vol,,,False,,False
10,Demand,ZW=F,10,cameo→vol,,,False,,False
10,Demand,ZW=F,20,cameo→vol,,,False,,False
11,Disapprove,CL=F,1,cameo→vol,,,False,,False
11,Disapprove,CL=F,5,cameo→vol,,,False,,False
11,Disapprove,CL=F,10,cameo→vol,,,False,,False
11,Disapprove,CL=F,20,cameo→vol,,,False,,False
11,Disapprove,GC=F,1,cameo→vol,,,False,,False
11,Disapprove,GC=F,5,cameo→vol,,,False,,False
11,Disapprove,GC=F,10,cameo→vol,,,False,,False
11,Disapprove,GC=F,20,cameo→vol,,,False,,False
11,Disapprove,ZW=F,1,cameo→vol,,,False,,False
11,Disapprove,ZW=F,5,cameo→vol,,,False,,False
11,Disapprove,ZW=F,10,cameo→vol,,,False,,False
11,Disapprove,ZW=F,20,cameo→vol,,,False,,False
08,Yield / Concede,ZW=F,20,vol→cameo,2.0001931798596817,0.005329113236963844,False,0.9027172656972214,False
18,Assault,ZW=F,10,vol→cameo,2.3480081810717794,0.009403304851012723,False,0.9027172656972214,False
02,Appeal,CL=F,1,vol→cameo,1.2688265884892074,0.26012776626715983,False,0.9386655250206446,False
02,Appeal,CL=F,5,vol→cameo,0.7959715132405882,0.5524670549364642,False,0.9386655250206446,False
02,Appeal,CL=F,20,vol→cameo,0.8428171197354222,0.6619498450853413,False,0.9386655250206446,False
02,Appeal,GC=F,1,vol→cameo,0.31309070968710595,0.5758525156850605,False,0.9386655250206446,False
02,Appeal,GC=F,10,vol→cameo,0.8479278802508846,0.5822279341102076,False,0.9386655250206446,False
02,Appeal,GC=F,20,vol→cameo,1.0916031732373304,0.3508724830130132,False,0.9386655250206446,False
02,Appeal,ZW=F,1,vol→cameo,1.4309256066606786,0.23175717003626722,False,0.9386655250206446,False
02,Appeal,ZW=F,5,vol→cameo,1.091920106228399,0.3627745305579954,False,0.9386655250206446,False
02,Appeal,ZW=F,10,vol→cameo,0.9629336123287316,0.4739570565647727,False,0.9386655250206446,False
03,Agree,CL=F,10,vol→cameo,0.9275626735131948,0.506451731393323,False,0.9386655250206446,False
03,Agree,CL=F,20,vol→cameo,0.9066357256096262,0.578709287566677,False,0.9386655250206446,False
03,Agree,GC=F,1,vol→cameo,0.24854055477916467,0.6181595009853011,False,0.9386655250206446,False
03,Agree,ZW=F,5,vol→cameo,1.1721340694579847,0.3204431903048332,False,0.9386655250206446,False
04,Consult,CL=F,5,vol→cameo,0.9223130034404224,0.46535205067830976,False,0.9386655250206446,False
04,Consult,GC=F,1,vol→cameo,0.7591227763819742,0.3837079152286036,False,0.9386655250206446,False
04,Consult,GC=F,5,vol→cameo,0.8516254083381293,0.5130689641162985,False,0.9386655250206446,False
04,Consult,GC=F,20,vol→cameo,0.8732872161754792,0.6224008600629172,False,0.9386655250206446,False
04,Consult,ZW=F,1,vol→cameo,0.4685712830865384,0.4937255784989031,False,0.9386655250206446,False
04,Consult,ZW=F,5,vol→cameo,0.7808526849658538,0.5634114984531369,False,0.9386655250206446,False
04,Consult,ZW=F,10,vol→cameo,0.9268325305866411,0.5071232978724577,False,0.9386655250206446,False
04,Consult,ZW=F,20,vol→cameo,0.8731239176509993,0.6226122813951276,False,0.9386655250206446,False
05,Support Diplomatically,CL=F,5,vol→cameo,1.3800483326714288,0.2287049303349662,False,0.9386655250206446,False
05,Support Diplomatically,CL=F,10,vol→cameo,1.4269363780312294,0.16207038140516303,False,0.9386655250206446,False
05,Support Diplomatically,CL=F,20,vol→cameo,1.324339786479093,0.15216719770815795,False,0.9386655250206446,False
05,Support Diplomatically,GC=F,1,vol→cameo,0.8396591195307964,0.35960492048929105,False,0.9386655250206446,False
05,Support Diplomatically,GC=F,5,vol→cameo,0.6888132669615622,0.6319259932057797,False,0.9386655250206446,False
05,Support Diplomatically,ZW=F,1,vol→cameo,0.8368128885659263,0.3604216612475587,False,0.9386655250206446,False
05,Support Diplomatically,ZW=F,5,vol→cameo,1.2811147394969584,0.26921673382782235,False,0.9386655250206446,False
05,Support Diplomatically,ZW=F,10,vol→cameo,0.9770739525509772,0.46122978852870045,False,0.9386655250206446,False
05,Support Diplomatically,ZW=F,20,vol→cameo,1.4503186481576964,0.08926799193066917,False,0.9386655250206446,False
06,Cooperate Economically/Militarily,CL=F,1,vol→cameo,1.5410763515993853,0.21460938029298784,False,0.9386655250206446,False
06,Cooperate Economically/Militarily,CL=F,5,vol→cameo,0.7732378131570923,0.5689663086646652,False,0.9386655250206446,False
06,Cooperate Economically/Militarily,CL=F,10,vol→cameo,0.9811722439885857,0.45758255690923144,False,0.9386655250206446,False
06,Cooperate Economically/Militarily,CL=F,20,vol→cameo,1.2467962640499595,0.20567543752742803,False,0.9386655250206446,False
06,Cooperate Economically/Militarily,GC=F,5,vol→cameo,0.7524015862611363,0.5842706362743846,False,0.9386655250206446,False
06,Cooperate Economically/Militarily,GC=F,20,vol→cameo,1.2294870626541707,0.21925951313304903,False,0.9386655250206446,False
06,Cooperate Economically/Militarily,ZW=F,1,vol→cameo,0.5105049649472245,0.47500486590376756,False,0.9386655250206446,False
06,Cooperate Economically/Militarily,ZW=F,10,vol→cameo,1.509664526803915,0.12955695649370438,False,0.9386655250206446,False
06,Cooperate Economically/Militarily,ZW=F,20,vol→cameo,1.2641833105024003,0.1925494337637995,False,0.9386655250206446,False
07,Provide Aid,CL=F,5,vol→cameo,1.169441646406427,0.32181172309958883,False,0.9386655250206446,False
07,Provide Aid,CL=F,10,vol→cameo,1.3976069675748073,0.1750951998974053,False,0.9386655250206446,False
07,Provide Aid,CL=F,20,vol→cameo,0.9156201350945145,0.5669384122984114,False,0.9386655250206446,False
07,Provide Aid,GC=F,10,vol→cameo,0.7818228684247777,0.6465519659268897,False,0.9386655250206446,False
07,Provide Aid,GC=F,20,vol→cameo,0.9033794708925307,0.5829772239913524,False,0.9386655250206446,False
07,Provide Aid,ZW=F,5,vol→cameo,1.463356386699047,0.19867215176996786,False,0.9386655250206446,False
07,Provide Aid,ZW=F,10,vol→cameo,1.6442818651706763,0.08855010763644784,False,0.9386655250206446,False
07,Provide Aid,ZW=F,20,vol→cameo,1.2005447368695183,0.24354935888754,False,0.9386655250206446,False
08,Yield / Concede,CL=F,1,vol→cameo,0.32844290756711914,0.5666445481214328,False,0.9386655250206446,False
08,Yield / Concede,CL=F,5,vol→cameo,0.9290802765709424,0.4609291565850385,False,0.9386655250206446,False
08,Yield / Concede,CL=F,10,vol→cameo,1.3310450938942793,0.2078083052926876,False,0.9386655250206446,False
08,Yield / Concede,CL=F,20,vol→cameo,1.1844488741923418,0.2578738546993871,False,0.9386655250206446,False
08,Yield / Concede,GC=F,5,vol→cameo,0.9533108062267985,0.44529982028543313,False,0.9386655250206446,False
08,Yield / Concede,GC=F,10,vol→cameo,0.8108461291262009,0.6182653562198557,False,0.9386655250206446,False
08,Yield / Concede,GC=F,20,vol→cameo,1.2133922539132285,0.23253307094295098,False,0.9386655250206446,False
08,Yield / Concede,ZW=F,5,vol→cameo,1.3920290883939526,0.22414917919952265,False,0.9386655250206446,False
08,Yield / Concede,ZW=F,10,vol→cameo,1.8772566149559742,0.043953597186986146,False,0.9386655250206446,False
12,Reject,CL=F,1,vol→cameo,0.39920298679109334,0.5275764136659482,False,0.9386655250206446,False
12,Reject,CL=F,5,vol→cameo,0.8577304716478273,0.5088488306273241,False,0.9386655250206446,False
12,Reject,CL=F,10,vol→cameo,1.4248864084495678,0.16295410894653614,False,0.9386655250206446,False
12,Reject,CL=F,20,vol→cameo,1.423060537177884,0.1006582501274495,False,0.9386655250206446,False
12,Reject,GC=F,1,vol→cameo,0.4653699906055542,0.4952040506220643,False,0.9386655250206446,False
12,Reject,GC=F,5,vol→cameo,0.6846073355228594,0.635119271039468,False,0.9386655250206446,False
12,Reject,GC=F,10,vol→cameo,0.9906338644819618,0.44917189326686435,False,0.9386655250206446,False
12,Reject,GC=F,20,vol→cameo,0.9802588096176817,0.4833723195580728,False,0.9386655250206446,False
12,Reject,ZW=F,1,vol→cameo,2.4984117580325043,0.11412146189541639,False,0.9386655250206446,False
12,Reject,ZW=F,5,vol→cameo,1.0904447381789761,0.363590515980528,False,0.9386655250206446,False
12,Reject,ZW=F,10,vol→cameo,0.7994467844547343,0.6293765020197382,False,0.9386655250206446,False
12,Reject,ZW=F,20,vol→cameo,0.8397760123174342,0.6658712408463849,False,0.9386655250206446,False
13,Threaten,CL=F,1,vol→cameo,0.20968514085593126,0.6470661429137657,False,0.9386655250206446,False
13,Threaten,CL=F,5,vol→cameo,0.895538056605564,0.4831066356343171,False,0.9386655250206446,False
13,Threaten,CL=F,10,vol→cameo,0.8344321561377028,0.5953170161395509,False,0.9386655250206446,False
13,Threaten,CL=F,20,vol→cameo,0.9653345442880873,0.5024127105194163,False,0.9386655250206446,False
13,Threaten,GC=F,10,vol→cameo,0.8904592600957786,0.5413761162340225,False,0.9386655250206446,False
13,Threaten,GC=F,20,vol→cameo,1.1527460532561389,0.2875625171623476,False,0.9386655250206446,False
13,Threaten,ZW=F,1,vol→cameo,0.708922261513258,0.39990387087934853,False,0.9386655250206446,False
13,Threaten,ZW=F,5,vol→cameo,0.8984875923372063,0.4811245964396633,False,0.9386655250206446,False
14,Protest,CL=F,5,vol→cameo,1.22213947091043,0.29606706191223037,False,0.9386655250206446,False
14,Protest,CL=F,10,vol→cameo,1.2087566792466529,0.28009715126256746,False,0.9386655250206446,False
14,Protest,CL=F,20,vol→cameo,0.9322208369392091,0.5452463589168869,False,0.9386655250206446,False
14,Protest,GC=F,1,vol→cameo,0.6881661935917623,0.40688797533321186,False,0.9386655250206446,False
14,Protest,GC=F,5,vol→cameo,1.664689722416348,0.1398423895083897,False,0.9386655250206446,False
14,Protest,GC=F,10,vol→cameo,1.200543385747158,0.2855066044955775,False,0.9386655250206446,False
14,Protest,GC=F,20,vol→cameo,1.0181911066719866,0.43614396738422,False,0.9386655250206446,False
14,Protest,ZW=F,1,vol→cameo,0.31888317669637284,0.5723437830407747,False,0.9386655250206446,False
14,Protest,ZW=F,10,vol→cameo,1.2442988173691532,0.2573799537185337,False,0.9386655250206446,False
14,Protest,ZW=F,20,vol→cameo,0.8890727898759798,0.6017369048969814,False,0.9386655250206446,False
15,Exhibit Military Posture,CL=F,1,vol→cameo,0.7328107503831502,0.39208050382261395,False,0.9386655250206446,False
15,Exhibit Military Posture,CL=F,10,vol→cameo,0.821935646441301,0.6074666604100611,False,0.9386655250206446,False
15,Exhibit Military Posture,GC=F,1,vol→cameo,0.1841536872965446,0.6678739519794312,False,0.9386655250206446,False
15,Exhibit Military Posture,GC=F,10,vol→cameo,1.1854902428804979,0.29567736094033115,False,0.9386655250206446,False
15,Exhibit Military Posture,GC=F,20,vol→cameo,1.2930761887662112,0.172192546799917,False,0.9386655250206446,False
15,Exhibit Military Posture,ZW=F,1,vol→cameo,1.0376450894668072,0.30849468517351036,False,0.9386655250206446,False
16,Reduce Relations,CL=F,5,vol→cameo,2.768543524681952,0.016906594230595675,False,0.9386655250206446,False
16,Reduce Relations,CL=F,10,vol→cameo,1.7421432989631525,0.06640057179511918,False,0.9386655250206446,False
16,Reduce Relations,CL=F,20,vol→cameo,1.2469356555904199,0.20556807203184296,False,0.9386655250206446,False
16,Reduce Relations,GC=F,1,vol→cameo,0.23458955385752112,0.628194542873543,False,0.9386655250206446,False
16,Reduce Relations,GC=F,10,vol→cameo,1.4605269680392097,0.14810454559411246,False,0.9386655250206446,False
16,Reduce Relations,GC=F,20,vol→cameo,1.196653764292351,0.2469298864992504,False,0.9386655250206446,False
16,Reduce Relations,ZW=F,1,vol→cameo,0.2012050743682278,0.6537991547693665,False,0.9386655250206446,False
16,Reduce Relations,ZW=F,5,vol→cameo,0.7851180105312676,0.5603127079102977,False,0.9386655250206446,False
17,Coerce,CL=F,1,vol→cameo,0.18191914068896242,0.6697769631657724,False,0.9386655250206446,False
17,Coerce,CL=F,5,vol→cameo,0.9658247169742958,0.4373801144176118,False,0.9386655250206446,False
17,Coerce,CL=F,10,vol→cameo,1.001463216434694,0.4396762351474298,False,0.9386655250206446,False
17,Coerce,CL=F,20,vol→cameo,1.2125674063082201,0.23329675917792927,False,0.9386655250206446,False
17,Coerce,GC=F,10,vol→cameo,0.7875952135224609,0.6409285210398719,False,0.9386655250206446,False
17,Coerce,GC=F,20,vol→cameo,1.0022046958765698,0.4558297317519869,False,0.9386655250206446,False
17,Coerce,ZW=F,1,vol→cameo,0.4383631756597818,0.5079908636457088,False,0.9386655250206446,False
17,Coerce,ZW=F,5,vol→cameo,0.7331226584438896,0.5985822587425413,False,0.9386655250206446,False
18,Assault,CL=F,1,vol→cameo,0.602590525475648,0.437686989226186,False,0.9386655250206446,False
18,Assault,CL=F,5,vol→cameo,1.8017258041071411,0.10928446074710861,False,0.9386655250206446,False
18,Assault,CL=F,10,vol→cameo,1.1483849434773457,0.32184931160490826,False,0.9386655250206446,False
18,Assault,CL=F,20,vol→cameo,1.0139851262000281,0.4413200945954629,False,0.9386655250206446,False
18,Assault,GC=F,1,vol→cameo,0.7837116683414433,0.3761149576889097,False,0.9386655250206446,False
18,Assault,GC=F,5,vol→cameo,0.7358161291420359,0.5965739118324724,False,0.9386655250206446,False
18,Assault,GC=F,10,vol→cameo,0.9163080389715836,0.5169535320731242,False,0.9386655250206446,False
18,Assault,GC=F,20,vol→cameo,1.162254764276353,0.27841280854266964,False,0.9386655250206446,False
18,Assault,ZW=F,1,vol→cameo,1.8562990442273817,0.17320805368755113,False,0.9386655250206446,False
18,Assault,ZW=F,5,vol→cameo,2.219498565680606,0.04991946934759961,False,0.9386655250206446,False
18,Assault,ZW=F,20,vol→cameo,1.4962764743163242,0.07259845417474714,False,0.9386655250206446,False
19,Fight,CL=F,1,vol→cameo,1.9025779059509593,0.16795077108184203,False,0.9386655250206446,False
19,Fight,CL=F,5,vol→cameo,0.9337777005962972,0.4578745896619151,False,0.9386655250206446,False
19,Fight,CL=F,10,vol→cameo,0.7842596722829158,0.6441771574834003,False,0.9386655250206446,False
19,Fight,CL=F,20,vol→cameo,1.0683627217194789,0.3769056361012074,False,0.9386655250206446,False
19,Fight,GC=F,1,vol→cameo,2.5193178108523377,0.1126175360301539,False,0.9386655250206446,False
19,Fight,GC=F,5,vol→cameo,1.327395448795111,0.24956834749755805,False,0.9386655250206446,False
19,Fight,GC=F,10,vol→cameo,1.1447911995572562,0.32443154015572157,False,0.9386655250206446,False
19,Fight,GC=F,20,vol→cameo,1.2982184637135665,0.16875256751172638,False,0.9386655250206446,False
19,Fight,ZW=F,1,vol→cameo,2.2348799264610113,0.13508702298954395,False,0.9386655250206446,False
19,Fight,ZW=F,5,vol→cameo,1.2504366485126386,0.28292039909336714,False,0.9386655250206446,False
19,Fight,ZW=F,10,vol→cameo,0.9027421120774736,0.5297285624223014,False,0.9386655250206446,False
19,Fight,ZW=F,20,vol→cameo,1.1273566055432147,0.3129427648477492,False,0.9386655250206446,False
20,Use Unconventional Mass Violence,CL=F,1,vol→cameo,0.2395056517529362,0.6246193203648678,False,0.9386655250206446,False
20,Use Unconventional Mass Violence,GC=F,10,vol→cameo,0.8529490854784954,0.5773713015250737,False,0.9386655250206446,False
20,Use Unconventional Mass Violence,GC=F,20,vol→cameo,0.8517330657483771,0.650449006586014,False,0.9386655250206446,False
20,Use Unconventional Mass Violence,ZW=F,1,vol→cameo,0.40408688060268133,0.5250598557874848,False,0.9386655250206446,False
02,Appeal,CL=F,10,vol→cameo,0.7106826786214144,0.7151640276374001,False,0.9572736859296465,False
02,Appeal,GC=F,5,vol→cameo,0.5648336624266903,0.7270524955873239,False,0.9572736859296465,False
03,Agree,CL=F,5,vol→cameo,0.5495831915976797,0.7387529562957629,False,0.9572736859296465,False
03,Agree,ZW=F,10,vol→cameo,0.6926947572839303,0.7321444681465861,False,0.9572736859296465,False
04,Consult,GC=F,10,vol→cameo,0.7144873768143617,0.7115537028331625,False,0.9572736859296465,False
06,Cooperate Economically/Militarily,GC=F,10,vol→cameo,0.6916461700350679,0.7331294849789414,False,0.9572736859296465,False
06,Cooperate Economically/Militarily,ZW=F,5,vol→cameo,0.567580814253327,0.7249411357468694,False,0.9572736859296465,False
07,Provide Aid,GC=F,1,vol→cameo,0.1027158967980108,0.7486280091049103,False,0.9572736859296465,False
07,Provide Aid,ZW=F,1,vol→cameo,0.09508532179353371,0.7578416680276369,False,0.9572736859296465,False
13,Threaten,GC=F,1,vol→cameo,0.09621403739173008,0.7564534971937428,False,0.9572736859296465,False
16,Reduce Relations,CL=F,1,vol→cameo,0.10141576820023306,0.7501718808822699,False,0.9572736859296465,False
16,Reduce Relations,GC=F,5,vol→cameo,0.6008170474561253,0.6993565076997369,False,0.9572736859296465,False
20,Use Unconventional Mass Violence,CL=F,10,vol→cameo,0.7318838744594238,0.6949145009064615,False,0.9572736859296465,False
20,Use Unconventional Mass Violence,CL=F,20,vol→cameo,0.8195278555730543,0.6916729856669457,False,0.9572736859296465,False
20,Use Unconventional Mass Violence,ZW=F,5,vol→cameo,0.5797127523296334,0.7156092851764775,False,0.9572736859296465,False
05,Support Diplomatically,GC=F,10,vol→cameo,0.6532260334747961,0.7685212899717706,False,0.9644188736900651,False
03,Agree,ZW=F,20,vol→cameo,0.7513987294324487,0.7741401970465768,False,0.9651618041100177,False
02,Appeal,ZW=F,20,vol→cameo,0.7453613185480521,0.7810136308752711,False,0.9674491427616262,False
13,Threaten,GC=F,5,vol→cameo,0.4797234058952752,0.7916260486020837,False,0.9743089828948723,False
08,Yield / Concede,ZW=F,1,vol→cameo,0.06058003113199624,0.8056071175598306,False,0.9852010609648884,False
05,Support Diplomatically,GC=F,20,vol→cameo,0.7140923056300055,0.8152058552478096,False,0.9906299000479712,False
03,Agree,GC=F,5,vol→cameo,0.2647279477236345,0.9324221183686469,False,0.9910214432975022,False
03,Agree,GC=F,20,vol→cameo,0.5754730677029384,0.931346162369703,False,0.9910214432975022,False
03,Agree,ZW=F,1,vol→cameo,0.010243013326996741,0.9193958098929579,False,0.9910214432975022,False
04,Consult,CL=F,1,vol→cameo,0.01609631881446888,0.8990555787890677,False,0.9910214432975022,False
04,Consult,CL=F,10,vol→cameo,0.47578631271365446,0.9065033996989391,False,0.9910214432975022,False
04,Consult,CL=F,20,vol→cameo,0.618462606151902,0.9020800783714066,False,0.9910214432975022,False
06,Cooperate Economically/Militarily,GC=F,1,vol→cameo,0.036842590680783834,0.8478053990657496,False,0.9910214432975022,False
07,Provide Aid,CL=F,1,vol→cameo,0.024479283182516427,0.8756880332152507,False,0.9910214432975022,False
08,Yield / Concede,GC=F,1,vol→cameo,0.006808992378877987,0.9342441731085829,False,0.9910214432975022,False
13,Threaten,ZW=F,10,vol→cameo,0.4770699834553246,0.9057143146299058,False,0.9910214432975022,False
13,Threaten,ZW=F,20,vol→cameo,0.6906866129665075,0.8390725242779458,False,0.9910214432975022,False
14,Protest,CL=F,1,vol→cameo,0.020656710334778308,0.8857331735119267,False,0.9910214432975022,False
14,Protest,ZW=F,5,vol→cameo,0.2673737120185206,0.9310329201916752,False,0.9910214432975022,False
15,Exhibit Military Posture,CL=F,5,vol→cameo,0.3968564582654694,0.8512428443280231,False,0.9910214432975022,False
15,Exhibit Military Posture,CL=F,20,vol→cameo,0.6471194545486638,0.8790996140563998,False,0.9910214432975022,False
15,Exhibit Military Posture,ZW=F,20,vol→cameo,0.6505786461805182,0.8761617250754454,False,0.9910214432975022,False
16,Reduce Relations,ZW=F,10,vol→cameo,0.46556432679412785,0.9127252811276155,False,0.9910214432975022,False
17,Coerce,GC=F,5,vol→cameo,0.2869917253053193,0.9203882698142558,False,0.9910214432975022,False
17,Coerce,ZW=F,10,vol→cameo,0.519958724740257,0.8771887116337611,False,0.9910214432975022,False
17,Coerce,ZW=F,20,vol→cameo,0.6217917019710288,0.8995721887585287,False,0.9910214432975022,False
20,Use Unconventional Mass Violence,GC=F,5,vol→cameo,0.4070742240240191,0.844160507168381,False,0.9910214432975022,False
20,Use Unconventional Mass Violence,ZW=F,10,vol→cameo,0.4727427047591441,0.9083839839929111,False,0.9910214432975022,False
20,Use Unconventional Mass Violence,ZW=F,20,vol→cameo,0.6207965348220996,0.900331696812004,False,0.9910214432975022,False
03,Agree,CL=F,1,vol→cameo,0.0009188912161086795,0.9758204067348625,False,0.9913096195401777,False
03,Agree,GC=F,10,vol→cameo,0.372687885328023,0.9586706032933844,False,0.9913096195401777,False
05,Support Diplomatically,CL=F,1,vol→cameo,0.0013436387924360366,0.9707633605197202,False,0.9913096195401777,False
07,Provide Aid,GC=F,5,vol→cameo,0.20361736288804905,0.9610520816054027,False,0.9913096195401777,False
15,Exhibit Military Posture,ZW=F,5,vol→cameo,0.24554126000469934,0.9421375797439114,False,0.9913096195401777,False
16,Reduce Relations,ZW=F,20,vol→cameo,0.5168302161543473,0.9612233500047881,False,0.9913096195401777,False
17,Coerce,GC=F,1,vol→cameo,0.002790004667487127,0.9578802148394161,False,0.9913096195401777,False
20,Use Unconventional Mass Violence,CL=F,5,vol→cameo,0.18283277078655585,0.969150988181304,False,0.9913096195401777,False
15,Exhibit Military Posture,GC=F,5,vol→cameo,0.10310085786528857,0.9915323120383803,False,0.9915323120383803,False
15,Exhibit Military Posture,ZW=F,10,vol→cameo,0.29659796851265685,0.9821256293415446,False,0.9915323120383803,False
20,Use Unconventional Mass Violence,GC=F,1,vol→cameo,0.0001879450418330012,0.9890632692806948,False,0.9915323120383803,False
01,Make Public Statement,CL=F,1,vol→cameo,,,True,,False
01,Make Public Statement,CL=F,5,vol→cameo,,,True,,False
01,Make Public Statement,CL=F,10,vol→cameo,,,True,,False
01,Make Public Statement,CL=F,20,vol→cameo,,,True,,False
01,Make Public Statement,GC=F,1,vol→cameo,,,True,,False
01,Make Public Statement,GC=F,5,vol→cameo,,,True,,False
01,Make Public Statement,GC=F,10,vol→cameo,,,True,,False
01,Make Public Statement,GC=F,20,vol→cameo,,,True,,False
01,Make Public Statement,ZW=F,1,vol→cameo,,,True,,False
01,Make Public Statement,ZW=F,5,vol→cameo,,,True,,False
01,Make Public Statement,ZW=F,10,vol→cameo,,,True,,False
01,Make Public Statement,ZW=F,20,vol→cameo,,,True,,False
09,Investigate,CL=F,1,vol→cameo,,,True,,False
09,Investigate,CL=F,5,vol→cameo,,,True,,False
09,Investigate,CL=F,10,vol→cameo,,,True,,False
09,Investigate,CL=F,20,vol→cameo,,,True,,False
09,Investigate,GC=F,1,vol→cameo,,,True,,False
09,Investigate,GC=F,5,vol→cameo,,,True,,False
09,Investigate,GC=F,10,vol→cameo,,,True,,False
09,Investigate,GC=F,20,vol→cameo,,,True,,False
09,Investigate,ZW=F,1,vol→cameo,,,True,,False
09,Investigate,ZW=F,5,vol→cameo,,,True,,False
09,Investigate,ZW=F,10,vol→cameo,,,True,,False
09,Investigate,ZW=F,20,vol→cameo,,,True,,False
10,Demand,CL=F,1,vol→cameo,,,False,,False
10,Demand,CL=F,5,vol→cameo,,,False,,False
10,Demand,CL=F,10,vol→cameo,,,False,,False
10,Demand,CL=F,20,vol→cameo,,,False,,False
10,Demand,GC=F,1,vol→cameo,,,False,,False
10,Demand,GC=F,5,vol→cameo,,,False,,False
10,Demand,GC=F,10,vol→cameo,,,False,,False
10,Demand,GC=F,20,vol→cameo,,,False,,False
10,Demand,ZW=F,1,vol→cameo,,,False,,False
10,Demand,ZW=F,5,vol→cameo,,,False,,False
10,Demand,ZW=F,10,vol→cameo,,,False,,False
10,Demand,ZW=F,20,vol→cameo,,,False,,False
11,Disapprove,CL=F,1,vol→cameo,,,False,,False
11,Disapprove,CL=F,5,vol→cameo,,,False,,False
11,Disapprove,CL=F,10,vol→cameo,,,False,,False
11,Disapprove,CL=F,20,vol→cameo,,,False,,False
11,Disapprove,GC=F,1,vol→cameo,,,False,,False
11,Disapprove,GC=F,5,vol→cameo,,,False,,False
11,Disapprove,GC=F,10,vol→cameo,,,False,,False
11,Disapprove,GC=F,20,vol→cameo,,,False,,False
11,Disapprove,ZW=F,1,vol→cameo,,,False,,False
11,Disapprove,ZW=F,5,vol→cameo,,,False,,False
11,Disapprove,ZW=F,10,vol→cameo,,,False,,False
11,Disapprove,ZW=F,20,vol→cameo,,,False,,False
